,NO2,O3,SO2,CO
freqMax [1/d],0.00959,0.00137,0.00091,0.00137
perMax [d],104.0,730.0,1095.0,730.0
