,NO2,O3,SO2,CO
freqMax [1/d],0.22891,0.00142,0.00047,0.24313
perMax [d],4.4,703.3,2110.0,4.1
