,NO2,O3,SO2,CO
freqMax [1/d],0.11045,0.03254,0.00137,0.00046
perMax [d],9.1,30.7,727.3,2182.0
